Nombre,Elemento,Rol
Aether (Viajero),Anemo/Geo/Electro/Dendro/Hydro,Subdps
Albedo,Geo,Subdps
Alhaitham,Dendro,Dps
Amber,Pyro,Dps
Arataki Itto,Geo,Dps
Baizhu,Dendro,Healer
Barbara,Hydro,Healer
Beidou,Electro,Subdps
Bennett,Pyro,Support
Candace,Hydro,Subdps
Chongyun,Cryo,Dps
Collei,Dendro,Subdps
Cyno,Electro,Dps
Dehya,Pyro,Support
Diluc,Pyro,Dps
Diona,Cryo,Healer
Eula,Cryo,Dps
Faruzan,Anemo,Support
Fischl,Electro,Subdps
Freminet,Cryo,Dps
Ganyu,Cryo,Dps
Gorou,Geo,Support
Hu Tao,Pyro,Dps
Jean,Anemo,Healer
Kaedehara Kazuha,Anemo,Support
Kaeya,Cryo,Subdps
Kamisato Ayaka,Cryo,Dps
Kamisato Ayato,Hydro,Dps
Keqing,Electro,Dps
Klee,Pyro,Dps
Kokomi,Hydro,Healer
Layla,Cryo,Support
Lisa,Electro,Subdps
Lynette,Anemo,Subdps
Lyney,Pyro,Dps
Mika,Cryo,Support
Mona,Hydro,Support
Nahida,Dendro,Support
Nilou,Hydro,Support
Ningguang,Geo,Dps
Noelle,Geo,Dps
Qiqi,Cryo,Healer
Raiden Shogun,Electro,Dps
Razor,Electro,Dps
Rosaria,Cryo,Subdps
Sara Kujo,Electro,Support
Sayu,Anemo,Healer
Shenhe,Cryo,Support
Shikanoin Heizou,Anemo,Dps
Sucrose,Anemo,Support
Tartaglia (Childe),Hydro,Dps
Thoma,Pyro,Support
Tighnari,Dendro,Dps
Venti,Anemo,Subdps
Wanderer (Scaramouche),Anemo,Dps
Xiangling,Pyro,Subdps
Xiao,Anemo,Dps
Xingqiu,Hydro,Subdps
Xinyan,Pyro,Support
Yanfei,Pyro,Dps
Yaoyao,Dendro,Healer
Yelan,Hydro,Support
Yoimiya,Pyro,Dps
Yun Jin,Geo,Support
Zhongli,Geo,Support
Wriothesley,Cryo,Dps
Neuvilette,Hydro,Dps
Furina,Hydro,Support
Charlotte,Cryo,Healer
Chevreuse,Pyro,Support
Navia,Geo,Dps
Xianyun,Anemo,Support
Gaming,Pyro,Dps
Chiori,Geo,Subdps
Arlecchino,Pyro,Dps
Clorinde,Electro,Dps
Sigewine,Hydro,Healer
Sethos,Electro,Dps
Emilie,Dendro,Subdps
Kinich,Dendro,Dps
Mualani,Hydro,Dps
Kachina,Geo,Subdps
Xilonen,Geo,Support
Chasca,Anemo,Dps
Ororon,Electro,Support
Mavuika,Pyro,Subdps
Citlali,Cryo,Support
Lan Yan,Anemo,Support