Nombre,Elemento,Rol,Estrellas,Nacion
Aether (Viajero),Anemo/Geo/Electro/Dendro/Hydro,Subdps,5,Ninguna
Albedo,Geo,Subdps,5,Mondstadt
Alhaitham,Dendro,Dps,5,Sumeru
Amber,Pyro,Dps,4,Mondstadt
Arataki Itto,Geo,Dps,5,Inazuma
Baizhu,Dendro,Healer,5,Liyue
Barbara,Hydro,Healer,4,Mondstadt
Beidou,Electro,Subdps,4,Liyue
Bennett,Pyro,Support,4,Mondstadt
Candace,Hydro,Subdps,4,Sumeru
Chongyun,Cryo,Dps,4,Liyue
Collei,Dendro,Subdps,4,Sumeru
Cyno,Electro,Dps,5,Sumeru
Dehya,Pyro,Support,5,Sumeru
Diluc,Pyro,Dps,5,Mondstadt
Diona,Cryo,Healer,4,Mondstadt
Eula,Cryo,Dps,5,Mondstadt
Faruzan,Anemo,Support,4,Sumeru
Fischl,Electro,Subdps,4,Mondstadt
Freminet,Cryo,Dps,4,Fontaine
Ganyu,Cryo,Dps,5,Liyue
Gorou,Geo,Support,4,Inazuma
Hu Tao,Pyro,Dps,5,Liyue
Jean,Anemo,Healer,5,Mondstadt
Kaedehara Kazuha,Anemo,Support,5,Inazuma
Kaeya,Cryo,Subdps,4,Mondstadt
Kamisato Ayaka,Cryo,Dps,5,Inazuma
Kamisato Ayato,Hydro,Dps,5,Inazuma
Keqing,Electro,Dps,5,Liyue
Klee,Pyro,Dps,5,Mondstadt
Kokomi,Hydro,Healer,5,Inazuma
Layla,Cryo,Support,4,Sumeru
Lisa,Electro,Subdps,4,Mondstadt
Lynette,Anemo,Subdps,4,Fontaine
Lyney,Pyro,Dps,5,Fontaine
Mika,Cryo,Support,4,Mondstadt
Mona,Hydro,Support,5,Mondstadt
Nahida,Dendro,Support,5,Sumeru
Nilou,Hydro,Support,5,Sumeru
Ningguang,Geo,Dps,4,Liyue
Noelle,Geo,Dps,4,Mondstadt
Qiqi,Cryo,Healer,5,Liyue
Raiden Shogun,Electro,Dps,5,Inazuma
Razor,Electro,Dps,4,Mondstadt
Rosaria,Cryo,Subdps,4,Mondstadt
Sara Kujo,Electro,Support,4,Inazuma
Sayu,Anemo,Healer,4,Inazuma
Shenhe,Cryo,Support,5,Liyue
Shikanoin Heizou,Anemo,Dps,4,Inazuma
Sucrose,Anemo,Support,4,Mondstadt
Tartaglia (Childe),Hydro,Dps,5,Liyue
Thoma,Pyro,Support,4,Inazuma
Tighnari,Dendro,Dps,5,Sumeru
Venti,Anemo,Subdps,5,Mondstadt
Wanderer (Scaramouche),Anemo,Dps,5,Sumeru
Xiangling,Pyro,Subdps,4,Liyue
Xiao,Anemo,Dps,5,Liyue
Xingqiu,Hydro,Subdps,4,Liyue
Xinyan,Pyro,Support,4,Liyue
Yanfei,Pyro,Dps,4,Liyue
Yaoyao,Dendro,Healer,4,Liyue
Yelan,Hydro,Support,5,Liyue
Yoimiya,Pyro,Dps,5,Inazuma
Yun Jin,Geo,Support,4,Liyue
Zhongli,Geo,Support,5,Liyue
Wriothesley,Cryo,Dps,5,Fontaine
Neuvilette,Hydro,Dps,5,Fontaine
Furina,Hydro,Support,5,Fontaine
Charlotte,Cryo,Healer,4,Fontaine
Chevreuse,Pyro,Support,4,Fontaine
Navia,Geo,Dps,5,Fontaine
Xianyun,Anemo,Support,5,Liyue
Gaming,Pyro,Dps,4,Liyue
Chiori,Geo,Subdps,5,Fontaine
Arlecchino,Pyro,Dps,5,Fontaine
Clorinde,Electro,Dps,5,Fontaine
Sigewine,Hydro,Healer,5,Fontaine
Sethos,Electro,Dps,4,Sumeru
Emilie,Dendro,Subdps,5,Sumeru
Kinich,Dendro,Dps,5,Natlan
Mualani,Hydro,Dps,5,Natlan
Kachina,Geo,Subdps,4,Natlan
Xilonen,Geo,Support,5,Natlan
Chasca,Anemo,Dps,5,Natlan
Ororon,Electro,Support,4,Natlan
Mavuika,Pyro,Subdps,5,Natlan
Citlali,Cryo,Support,5,Natlan
Lan Yan,Anemo,Support,4,Liyue