"Algoritmo de Semi-Incesante Matriz de Observación Navegadora";Dendro,Electro
"Autómata Fuentenigma - Máquina configuracional";Cualquiera
"Bautista Sacrílego";Cryo,Pyro
"Corcel de Mar Perlamilenario";Dendro,Cryo
"Dragón Aciagoeterno";Cualquiera
"Emperador Piroacorazado";Hydro
"Espantohongo Plumaverde";Pyro
"Generador de Campo Experimental";Cualquiera
"Gusano de Sutej";Cualquiera menos Anemo
"Hipóstasis Anemo"; Cualquiera menos Anemo
"Hipóstasis Cryo";Cualquiera menos Cryo
"Hipóstasis Dendro";Cualquiera
"Hipóstasis Electro";Cualquiera menos Electro
"Hipóstasis Geo";Cualquiera
"Hipóstasis Hydro";Cualquiera menos Hydro
"Hipóstasis Pyro";Cualquiera menos Pyro
"Manada de Dragartos de las Profundidades";Cualquiera
"Manifestación del Trueno";Cualquiera menos Electro
"Maquinaria Eterna";Cualquiera
"Protodragarto Geo";Cualquiera
"Regisvid Cryo";Cualquiera menos Cryo 
"Regisvid Electro";Cualquiera menos Electro
"Regisvid Pyro";Cualquiera menos Pyro
"Rey Acechador Dorado";Geo
"Rey Yumkasaurio Glotón";Pyro
"Rhodeia (Oceanida)";Dendro,Pyro,Cryo
"Suanni Ermitaña";Pyro
"Suite Criocéfiro";Pyro,Electro
"Tirano Qucusaurio Aureoardiente";Cualquiera menos Pyro
"Tulpa Hidromimético";Dendro,Pyro
"Cepa Abismatica";Cualquiera
"Asceta Espiritista";Pyro